,width,iteration,label,alpha,parameters,model_loss,model_accuracy,model_auc,model_precision,model_recall,model_crossentropy,gumbel_model_loss,gumbel_model_accuracy,gumbel_model_auc,gumbel_model_precision,gumbel_model_recall,gumbel_crossentropy,units_kept,sum_of_sigmoids,gumbel_weighted_crossentropy
0,2,0,0,1e-07,1370,0.048075444996356964,0.9857142567634583,0.9993829131126404,0.9877175092697144,0.9846938848495483,0.048075444996356964,0.01769171841442585,0.994700014591217,0.9995085000991821,0.994700014591217,0.994700014591217,0.017349448055028915,3838,3422.669,"(0.18568816100264973, 0.00705659568744058)"
1,2,0,0,1e-06,1370,0.048075444996356964,0.9857142567634583,0.9993829131126404,0.9877175092697144,0.9846938848495483,0.048075444996356964,0.01990835927426815,0.9950000047683716,0.9995216131210327,0.9950000047683716,0.9950000047683716,0.016736287623643875,3573,3172.0715,"(0.3204018597101292, 0.005542368720722642)"
2,2,0,0,1e-05,1370,0.048075444996356964,0.9857142567634583,0.9993829131126404,0.9877175092697144,0.9846938848495483,0.048075444996356964,0.045820631086826324,0.9936000108718872,0.9995698928833008,0.9936000108718872,0.9936000108718872,0.0189460851252079,3005,2687.454,"(0.29649166602571536, 0.006998987056196871)"
3,2,0,0,0.0001,1370,0.048075444996356964,0.9857142567634583,0.9993829131126404,0.9877175092697144,0.9846938848495483,0.048075444996356964,0.09353311359882355,0.9912999868392944,0.9994295239448547,0.9912999868392944,0.9912999868392944,0.024405647069215775,653,691.2746,"(0.18900899660259252, 0.012686264726659183)"
4,2,0,0,0.001,1370,0.048075444996356964,0.9857142567634583,0.9993829131126404,0.9877175092697144,0.9846938848495483,0.048075444996356964,0.20463109016418457,0.9793999791145325,0.9984128475189209,0.9793999791145325,0.9793999791145325,0.05190369114279747,128,152.72739,"(0.7053113820966225, 0.02396834431874042)"
5,2,0,1,1e-07,1370,0.030544105917215347,0.9920704960823059,0.9995176196098328,0.9938162565231323,0.9911894202232361,0.030544105917215347,0.0131342438980937,0.9951000213623047,0.9997933506965637,0.9951000213623047,0.9951000213623047,0.012796142138540745,3892,3381.0015,"(0.16252167945055254, 0.0070511009544833615)"
6,2,0,1,1e-06,1370,0.030544105917215347,0.9920704960823059,0.9995176196098328,0.9938162565231323,0.9911894202232361,0.030544105917215347,0.015776893123984337,0.9962999820709229,0.9998043775558472,0.9962999820709229,0.9962999820709229,0.012626582756638527,3598,3150.3103,"(0.2838035001665646, 0.0042433803182360666)"
7,2,0,1,1e-05,1370,0.030544105917215347,0.9920704960823059,0.9995176196098328,0.9938162565231323,0.9911894202232361,0.030544105917215347,0.029202301055192947,0.9957000017166138,0.9995697140693665,0.9957000017166138,0.9957000017166138,0.014141510240733624,1479,1506.0786,"(0.05319237557646784, 0.009505079455589477)"
8,2,0,1,0.0001,1370,0.030544105917215347,0.9920704960823059,0.9995176196098328,0.9938162565231323,0.9911894202232361,0.030544105917215347,0.059783563017845154,0.9945999979972839,0.9997552633285522,0.9945999979972839,0.9945999979972839,0.01565295085310936,418,441.30615,"(0.09796318043607946, 0.010968500972040345)"
9,2,0,1,0.001,1370,0.030544105917215347,0.9920704960823059,0.9995176196098328,0.9938162565231323,0.9911894202232361,0.030544105917215347,0.13105528056621552,0.984000027179718,0.9985482692718506,0.984000027179718,0.984000027179718,0.046544693410396576,75,84.51059,"(0.36432109143252334, 0.03456167137789813)"
10,2,0,2,1e-07,1370,0.0756882056593895,0.9718992114067078,0.9996834397315979,0.9746588468551636,0.9689922332763672,0.0756882056593895,0.02086796797811985,0.9927999973297119,0.9996569752693176,0.9927999973297119,0.9927999973297119,0.02052052691578865,3950,3474.4126,"(0.4757919385353964, 0.009117534265635188)"
11,2,0,2,1e-06,1370,0.0756882056593895,0.9718992114067078,0.9996834397315979,0.9746588468551636,0.9689922332763672,0.0756882056593895,0.023585880175232887,0.9933000206947327,0.9996464848518372,0.9933000206947327,0.9933000206947327,0.020293788984417915,3786,3292.0913,"(0.6264131534975942, 0.007374968929409623)"
12,2,0,2,1e-05,1370,0.0756882056593895,0.9718992114067078,0.9996834397315979,0.9746588468551636,0.9689922332763672,0.0756882056593895,0.046943821012973785,0.9930999875068665,0.9997754693031311,0.9930999875068665,0.9930999875068665,0.019752297550439835,3083,2719.1514,"(0.37344707192971266, 0.010614284520291112)"
13,2,0,2,0.0001,1370,0.0756882056593895,0.9718992114067078,0.9996834397315979,0.9746588468551636,0.9689922332763672,0.0756882056593895,0.10971881449222565,0.9919999837875366,0.9991797208786011,0.9919999837875366,0.9919999837875366,0.025972304865717888,781,837.4651,"(0.49772950907848396, 0.011152806521732613)"
14,2,0,2,0.001,1370,0.0756882056593895,0.9718992114067078,0.9996834397315979,0.9746588468551636,0.9689922332763672,0.0756882056593895,0.4055091142654419,0.9212999939918518,0.9769471287727356,0.9212999939918518,0.9212999939918518,0.19820751249790192,164,207.30159,"(0.5635663056661715, 0.11929934669628886)"
15,2,0,3,1e-07,1370,0.05488014966249466,0.9792079329490662,0.9998193383216858,0.9801390171051025,0.9772277474403381,0.05488014966249466,0.03717315196990967,0.9878000020980835,0.999232292175293,0.9878000020980835,0.9878000020980835,0.03683421015739441,3809,3389.4106,"(0.43951705295019566, 0.020175383617167645)"
16,2,0,3,1e-06,1370,0.05488014966249466,0.9792079329490662,0.9998193383216858,0.9801390171051025,0.9772277474403381,0.05488014966249466,0.04183795303106308,0.98580002784729,0.999027669429779,0.98580002784729,0.98580002784729,0.03881939873099327,3323,3018.5508,"(0.2902835763078241, 0.022108880442174766)"
17,2,0,3,1e-05,1370,0.05488014966249466,0.9792079329490662,0.9998193383216858,0.9801390171051025,0.9772277474403381,0.05488014966249466,0.0625966489315033,0.9904000163078308,0.999535083770752,0.9904000163078308,0.9904000163078308,0.03461811691522598,3171,2797.8538,"(0.5260617867940948, 0.018567181832520083)"
18,2,0,3,0.0001,1370,0.05488014966249466,0.9792079329490662,0.9998193383216858,0.9801390171051025,0.9772277474403381,0.05488014966249466,0.13663645088672638,0.9883999824523926,0.9993718862533569,0.9883999824523926,0.9883999824523926,0.031961072236299515,998,1046.7539,"(0.5371791443220458, 0.015711483235909682)"
19,2,0,3,0.001,1370,0.05488014966249466,0.9792079329490662,0.9998193383216858,0.9801390171051025,0.9772277474403381,0.05488014966249466,0.29487401247024536,0.9544000029563904,0.9899482727050781,0.9544000029563904,0.9544000029563904,0.13148821890354156,139,163.38576,"(1.3096942401519511, 0.06707083495344958)"
20,2,0,4,1e-07,1370,0.060623325407505035,0.9796333909034729,0.9992902874946594,0.9836065769195557,0.9775967597961426,0.060623325407505035,0.03605394437909126,0.9915000200271606,0.9994261264801025,0.9915000200271606,0.9915000200271606,0.03571898862719536,3774,3349.5986,"(0.5057093058290322, 0.01602696919387075)"
21,2,0,4,1e-06,1370,0.060623325407505035,0.9796333909034729,0.9992902874946594,0.9836065769195557,0.9775967597961426,0.060623325407505035,0.03802536800503731,0.9915000200271606,0.9995027184486389,0.9915000200271606,0.9915000200271606,0.03490374609827995,3452,3121.6255,"(0.48720644827127374, 0.015893774141835307)"
22,2,0,4,1e-05,1370,0.060623325407505035,0.9796333909034729,0.9992902874946594,0.9836065769195557,0.9775967597961426,0.060623325407505035,0.0646190270781517,0.989799976348877,0.9992075562477112,0.989799976348877,0.989799976348877,0.038539230823516846,2811,2607.9805,"(0.3796728383347989, 0.018624911382819145)"
23,2,0,4,0.0001,1370,0.060623325407505035,0.9796333909034729,0.9992902874946594,0.9836065769195557,0.9775967597961426,0.060623325407505035,0.08171164244413376,0.9916999936103821,0.9989278316497803,0.9916999936103821,0.9916999936103821,0.030484026297926903,485,512.27625,"(0.44398065892362876, 0.013739930331616754)"
24,2,0,4,0.001,1370,0.060623325407505035,0.9796333909034729,0.9992902874946594,0.9836065769195557,0.9775967597961426,0.060623325407505035,0.2279042750597,0.9708999991416931,0.9952909350395203,0.9708999991416931,0.9708999991416931,0.08939523994922638,120,138.50905,"(1.2896298464337916, 0.04196831516071606)"
25,2,0,5,1e-07,1370,0.06878562271595001,0.9831838607788086,0.9980694651603699,0.983146071434021,0.9809417128562927,0.06878562271595001,0.024018416181206703,0.9919000267982483,0.9995948076248169,0.9919000267982483,0.9919000267982483,0.02369280532002449,3594,3256.12,"(0.5007315041547858, 0.010210384298352472)"
26,2,0,5,1e-06,1370,0.06878562271595001,0.9831838607788086,0.9980694651603699,0.983146071434021,0.9809417128562927,0.06878562271595001,0.025786615908145905,0.9919000267982483,0.9995980858802795,0.9919000267982483,0.9919000267982483,0.02268826775252819,3460,3098.3523,"(0.5486071950899809, 0.008972784421262174)"
27,2,0,5,1e-05,1370,0.06878562271595001,0.9831838607788086,0.9980694651603699,0.983146071434021,0.9809417128562927,0.06878562271595001,0.04647529125213623,0.9927999973297119,0.999652624130249,0.9927999973297119,0.9927999973297119,0.020771630108356476,2806,2570.366,"(0.5661607547299796, 0.008439341299852163)"
28,2,0,5,0.0001,1370,0.06878562271595001,0.9831838607788086,0.9980694651603699,0.983146071434021,0.9809417128562927,0.06878562271595001,0.16364797949790955,0.9835000038146973,0.9989076256752014,0.9835000038146973,0.9835000038146973,0.042661603540182114,1174,1209.8638,"(0.2676325241504747, 0.024308664857839953)"
29,2,0,5,0.001,1370,0.06878562271595001,0.9831838607788086,0.9980694651603699,0.983146071434021,0.9809417128562927,0.06878562271595001,0.3379775285720825,0.9363999962806702,0.9853091239929199,0.9363999962806702,0.9363999962806702,0.15675292909145355,154,181.22461,"(0.7218425948117144, 0.09296838809860314)"
30,2,0,6,1e-07,1370,0.06753621250391006,0.9780793190002441,0.9992461800575256,0.9780564308166504,0.9770354628562927,0.06753621250391006,0.02260904759168625,0.9921000003814697,0.9994169473648071,0.9921000003814697,0.9921000003814697,0.022260751575231552,4031,3482.919,"(0.2585293365697194, 0.010192585611505616)"
31,2,0,6,1e-06,1370,0.06753621250391006,0.9780793190002441,0.9992461800575256,0.9780564308166504,0.9770354628562927,0.06753621250391006,0.0228341743350029,0.9927999973297119,0.9994750022888184,0.9927999973297119,0.9927999973297119,0.02002447284758091,3091,2809.702,"(0.13902924083684418, 0.008750374003132218)"
32,2,0,6,1e-05,1370,0.06753621250391006,0.9780793190002441,0.9992461800575256,0.9780564308166504,0.9770354628562927,0.06753621250391006,0.04395727440714836,0.9921000003814697,0.9989593029022217,0.9921000003814697,0.9921000003814697,0.02375073917210102,2104,2020.654,"(0.13168104906950742, 0.010142683515000823)"
33,2,0,6,0.0001,1370,0.06753621250391006,0.9780793190002441,0.9992461800575256,0.9780564308166504,0.9770354628562927,0.06753621250391006,0.11701919883489609,0.9847000241279602,0.9983803033828735,0.9847000241279602,0.9847000241279602,0.0419851653277874,714,750.34045,"(0.06101552923261898, 0.025332813704270842)"
34,2,0,6,0.001,1370,0.06753621250391006,0.9780793190002441,0.9992461800575256,0.9780564308166504,0.9770354628562927,0.06753621250391006,0.2087177187204361,0.9781000018119812,0.9974973201751709,0.9781000018119812,0.9781000018119812,0.060788508504629135,124,147.92923,"(0.7293055330671624, 0.030538266635779594)"
35,2,0,7,1e-07,1370,0.0833195298910141,0.9727626442909241,0.9982113242149353,0.9764936566352844,0.9698443412780762,0.0833195298910141,0.02929159253835678,0.9908000230789185,0.9992498159408569,0.9908000230789185,0.9908000230789185,0.028977029025554657,3451,3145.5337,"(0.2542504028425346, 0.01601970984989669)"
36,2,0,7,1e-06,1370,0.0833195298910141,0.9727626442909241,0.9982113242149353,0.9764936566352844,0.9698443412780762,0.0833195298910141,0.034726906567811966,0.9886999726295471,0.9990783333778381,0.9886999726295471,0.9886999726295471,0.03203984349966049,2884,2687.0652,"(0.22509131589510492, 0.017167261833810493)"
37,2,0,7,1e-05,1370,0.0833195298910141,0.9727626442909241,0.9982113242149353,0.9764936566352844,0.9698443412780762,0.0833195298910141,0.048840560019016266,0.9898999929428101,0.9993704557418823,0.9898999929428101,0.9898999929428101,0.027806714177131653,2176,2103.3848,"(0.26378491023779865, 0.013419797964136889)"
38,2,0,7,0.0001,1370,0.0833195298910141,0.9727626442909241,0.9982113242149353,0.9764936566352844,0.9698443412780762,0.0833195298910141,0.12126025557518005,0.9865999817848206,0.9987032413482666,0.9865999817848206,0.9865999817848206,0.04233013093471527,727,789.3013,"(0.20915001083733267, 0.02585938875426955)"
39,2,0,7,0.001,1370,0.0833195298910141,0.9727626442909241,0.9982113242149353,0.9764936566352844,0.9698443412780762,0.0833195298910141,0.19120930135250092,0.9765999913215637,0.9954951405525208,0.9765999913215637,0.9765999913215637,0.08444495499134064,91,106.76431,"(1.2262954011690301, 0.03745122417090737)"
40,2,0,8,1e-07,1370,0.10267771035432816,0.9640657305717468,0.9993578195571899,0.9719334840774536,0.9599589109420776,0.10267771035432816,0.06651734560728073,0.9771000146865845,0.9971435070037842,0.9771000146865845,0.9771000146865845,0.06620750576257706,3387,3098.3792,"(0.46266256550645607, 0.03722535252656965)"
41,2,0,8,1e-06,1370,0.10267771035432816,0.9640657305717468,0.9993578195571899,0.9719334840774536,0.9599589109420776,0.10267771035432816,0.06039077043533325,0.9801999926567078,0.9980266690254211,0.9801999926567078,0.9801999926567078,0.0576842725276947,2872,2706.5112,"(0.39283012380112625, 0.03343520107756965)"
42,2,0,8,1e-05,1370,0.10267771035432816,0.9640657305717468,0.9993578195571899,0.9719334840774536,0.9599589109420776,0.10267771035432816,0.11680767685174942,0.9678000211715698,0.9959986805915833,0.9678000211715698,0.9678000211715698,0.08775906264781952,3298,2904.8623,"(1.0381123791839542, 0.040227348017347814)"
43,2,0,8,0.0001,1370,0.10267771035432816,0.9640657305717468,0.9993578195571899,0.9719334840774536,0.9599589109420776,0.10267771035432816,0.23140278458595276,0.970300018787384,0.9959542751312256,0.970300018787384,0.970300018787384,0.08119797706604004,1547,1502.0477,"(0.43586534458314263, 0.04602231436302886)"
44,2,0,8,0.001,1370,0.10267771035432816,0.9640657305717468,0.9993578195571899,0.9719334840774536,0.9599589109420776,0.10267771035432816,0.5427236557006836,0.9440000057220459,0.9876989722251892,0.9440000057220459,0.9440000057220459,0.14704684913158417,318,395.67673,"(2.2547060333751365, 0.06360110956937112)"
45,2,0,9,1e-07,1370,0.12806709110736847,0.9653121829032898,0.997051477432251,0.9699699878692627,0.9603567719459534,0.12806709110736847,0.07281140238046646,0.9807999730110168,0.99635249376297,0.9807999730110168,0.9807999730110168,0.07250279188156128,3291,3085.902,"(0.9706264725250845, 0.032183408766956814)"
46,2,0,9,1e-06,1370,0.12806709110736847,0.9653121829032898,0.997051477432251,0.9699699878692627,0.9603567719459534,0.12806709110736847,0.08201884478330612,0.9772999882698059,0.9962257146835327,0.9772999882698059,0.9772999882698059,0.07927116006612778,2908,2747.712,"(0.9446454751509582, 0.03664794081739641)"
47,2,0,9,1e-05,1370,0.12806709110736847,0.9653121829032898,0.997051477432251,0.9699699878692627,0.9603567719459534,0.12806709110736847,0.08761173486709595,0.9775000214576721,0.9967961311340332,0.9775000214576721,0.9775000214576721,0.0667475238442421,2096,2086.4204,"(0.6076749141806614, 0.03558354616734179)"
48,2,0,9,0.0001,1370,0.12806709110736847,0.9653121829032898,0.997051477432251,0.9699699878692627,0.9603567719459534,0.12806709110736847,0.1231478899717331,0.9850999712944031,0.9977667927742004,0.9850999712944031,0.9850999712944031,0.05191870033740997,668,712.29175,"(0.7843355818703749, 0.02183579001487833)"
49,2,0,9,0.001,1370,0.12806709110736847,0.9653121829032898,0.997051477432251,0.9699699878692627,0.9603567719459534,0.12806709110736847,0.5225005149841309,0.9513000249862671,0.9877594113349915,0.9513000249862671,0.9513000249862671,0.1595856249332428,298,362.91476,"(1.7640268147382483, 0.0816499025064627)"
50,4,0,0,1e-07,19274,0.039099860936403275,0.9897959232330322,0.9988781809806824,0.9897959232330322,0.9897959232330322,0.039099860936403275,0.008286701515316963,0.9979000091552734,0.9995850324630737,0.9979000091552734,0.9979000091552734,0.007043974939733744,13762,12427.2705,"(0.02654356369064725, 0.0018323168880070675)"
51,4,0,0,1e-06,19274,0.039099860936403275,0.9897959232330322,0.9988781809806824,0.9897959232330322,0.9897959232330322,0.039099860936403275,0.01616949588060379,0.9980000257492065,0.9996858239173889,0.9980000257492065,0.9980000257492065,0.006330674514174461,11111,9838.824,"(0.05443621802305866, 0.0013554712737249414)"
52,4,0,0,1e-05,19274,0.039099860936403275,0.9897959232330322,0.9988781809806824,0.9897959232330322,0.9897959232330322,0.039099860936403275,0.025280898436903954,0.9977999925613403,0.9999735951423645,0.9977999925613403,0.9977999925613403,0.006547437980771065,1676,1873.3464,"(0.04237736275766461, 0.0022701433379560135)"
53,4,0,0,0.0001,19274,0.039099860936403275,0.9897959232330322,0.9988781809806824,0.9897959232330322,0.9897959232330322,0.039099860936403275,0.09425926208496094,0.9894999861717224,0.9992919564247131,0.9894999861717224,0.9894999861717224,0.0341312475502491,414,601.2803,"(0.3697685287265627, 0.017172599724107684)"
54,4,0,0,0.001,19274,0.039099860936403275,0.9897959232330322,0.9988781809806824,0.9897959232330322,0.9897959232330322,0.039099860936403275,0.15217944979667664,0.9868000149726868,0.9992654323577881,0.9868000149726868,0.9868000149726868,0.04848592355847359,75,103.693535,"(1.6456824811793413, 0.013787310279010659)"
55,4,0,1,1e-07,19274,0.016200585290789604,0.9938325881958008,0.999985933303833,0.9955830574035645,0.992951512336731,0.016200585290789604,0.004655779805034399,0.9988999962806702,0.9998942017555237,0.9988999962806702,0.9988999962806702,0.0035152346827089787,12672,11405.446,"(0.04167591164441676, 0.0011866028085611197)"
56,4,0,1,1e-06,19274,0.016200585290789604,0.9938325881958008,0.999985933303833,0.9955830574035645,0.992951512336731,0.016200585290789604,0.009920149110257626,0.9984999895095825,0.9998925924301147,0.9984999895095825,0.9984999895095825,0.0042734332382678986,5775,5646.714,"(0.004050977356390416, 0.001695457944343113)"
57,4,0,1,1e-05,19274,0.016200585290789604,0.9938325881958008,0.999985933303833,0.9955830574035645,0.992951512336731,0.016200585290789604,0.024680297821760178,0.9973999857902527,0.9998765587806702,0.9973999857902527,0.9973999857902527,0.0065752784721553326,1623,1810.5024,"(0.0328881952285024, 0.002300871084341576)"
58,4,0,1,0.0001,19274,0.016200585290789604,0.9938325881958008,0.999985933303833,0.9955830574035645,0.992951512336731,0.016200585290789604,0.06555821001529694,0.9961000084877014,0.9997422099113464,0.9961000084877014,0.9961000084877014,0.017374945804476738,362,481.83264,"(0.24082586147140872, 0.009283426501478852)"
59,4,0,1,0.001,19274,0.016200585290789604,0.9938325881958008,0.999985933303833,0.9955830574035645,0.992951512336731,0.016200585290789604,0.11553271114826202,0.989799976348877,0.9990705251693726,0.989799976348877,0.989799976348877,0.041642189025878906,60,73.890526,"(0.43473627227097444, 0.02621572497300279)"
60,4,0,2,1e-07,19274,0.013537110760807991,0.9941860437393188,0.9999902248382568,0.9941860437393188,0.9941860437393188,0.013537110760807991,0.009086105972528458,0.9975000023841858,0.9996733665466309,0.9975000023841858,0.9975000023841858,0.007978230714797974,11929,11078.762,"(0.0325089352428613, 0.0027243447179526696)"
61,4,0,2,1e-06,19274,0.013537110760807991,0.9941860437393188,0.9999902248382568,0.9941860437393188,0.9941860437393188,0.013537110760807991,0.01768980547785759,0.9972000122070312,0.9997633099555969,0.9972000122070312,0.9972000122070312,0.008960811421275139,9355,8728.994,"(0.027897695036303002, 0.0032461198189288488)"
62,4,0,2,1e-05,19274,0.013537110760807991,0.9941860437393188,0.9999902248382568,0.9941860437393188,0.9941860437393188,0.013537110760807991,0.04988525062799454,0.9962000250816345,0.9996224045753479,0.9962000250816345,0.9962000250816345,0.011716272681951523,3642,3816.8972,"(0.043316835243056066, 0.004148600293993222)"
63,4,0,2,0.0001,19274,0.013537110760807991,0.9941860437393188,0.9999902248382568,0.9941860437393188,0.9941860437393188,0.013537110760807991,0.13811814785003662,0.9868000149726868,0.9985466599464417,0.9868000149726868,0.9868000149726868,0.04610453173518181,697,920.1363,"(0.2561071615624884, 0.02558160818508572)"
64,4,0,2,0.001,19274,0.013537110760807991,0.9941860437393188,0.9999902248382568,0.9941860437393188,0.9941860437393188,0.013537110760807991,0.27752023935317993,0.9728999733924866,0.9957186579704285,0.9728999733924866,0.9728999733924866,0.11126232892274857,114,166.25797,"(1.0921364164304397, 0.0553542072478894)"
65,4,0,3,1e-07,19274,0.019482150673866272,0.9930692911148071,0.9994885921478271,0.995039701461792,0.9930692911148071,0.019482150673866272,0.008987185545265675,0.9973999857902527,0.9998696446418762,0.9973999857902527,0.9973999857902527,0.007700241636484861,14407,12869.4375,"(0.1277799788413439, 0.0013381495736968813)"
66,4,0,3,1e-06,19274,0.019482150673866272,0.9930692911148071,0.9994885921478271,0.995039701461792,0.9930692911148071,0.019482150673866272,0.016805579885840416,0.9969000220298767,0.9998692274093628,0.9969000220298767,0.9969000220298767,0.007935645058751106,9756,8869.933,"(0.027959831083283652, 0.0021608615306097177)"
67,4,0,3,1e-05,19274,0.019482150673866272,0.9930692911148071,0.9994885921478271,0.995039701461792,0.9930692911148071,0.019482150673866272,0.04645128920674324,0.9961000084877014,0.999519407749176,0.9961000084877014,0.9961000084877014,0.012356257997453213,3150,3409.5034,"(0.03843134731817471, 0.0039626879133109125)"
68,4,0,3,0.0001,19274,0.019482150673866272,0.9930692911148071,0.9994885921478271,0.995039701461792,0.9930692911148071,0.019482150673866272,0.2038356214761734,0.9846000075340271,0.9978145956993103,0.9846000075340271,0.9846000075340271,0.06781303137540817,1055,1360.2257,"(0.3275172907966635, 0.03823284333269482)"
69,4,0,3,0.001,19274,0.019482150673866272,0.9930692911148071,0.9994885921478271,0.995039701461792,0.9930692911148071,0.019482150673866272,0.38368281722068787,0.9373999834060669,0.9850130677223206,0.9373999834060669,0.9373999834060669,0.17234160006046295,143,211.34117,"(1.0195875163957941, 0.09537454903425616)"
70,4,0,4,1e-07,19274,0.016679203137755394,0.9908350110054016,0.9999834895133972,0.9908350110054016,0.9908350110054016,0.016679203137755394,0.005960830487310886,0.9987000226974487,0.9996904730796814,0.9987000226974487,0.9987000226974487,0.004834314342588186,12346,11265.158,"(0.06360381915629706, 0.002370111140344761)"
71,4,0,4,1e-06,19274,0.016679203137755394,0.9908350110054016,0.9999834895133972,0.9908350110054016,0.9908350110054016,0.016679203137755394,0.012189756147563457,0.9986000061035156,0.9996920824050903,0.9986000061035156,0.9986000061035156,0.004384480882436037,8174,7805.2754,"(0.06621381639669056, 0.0018079624921573205)"
72,4,0,4,1e-05,19274,0.016679203137755394,0.9908350110054016,0.9999834895133972,0.9908350110054016,0.9908350110054016,0.016679203137755394,0.03840605169534683,0.9975000023841858,0.9995564222335815,0.9975000023841858,0.9975000023841858,0.009407702833414078,2695,2899.8345,"(0.04156787415219676, 0.004720991891665906)"
73,4,0,4,0.0001,19274,0.016679203137755394,0.9908350110054016,0.9999834895133972,0.9908350110054016,0.9908350110054016,0.016679203137755394,0.10519417375326157,0.9890999794006348,0.9994564652442932,0.9890999794006348,0.9890999794006348,0.03547634184360504,535,697.1786,"(0.33167031112495904, 0.018474660942299936)"
74,4,0,4,0.001,19274,0.016679203137755394,0.9908350110054016,0.9999834895133972,0.9908350110054016,0.9908350110054016,0.016679203137755394,0.23395007848739624,0.9782999753952026,0.9966017603874207,0.9782999753952026,0.9782999753952026,0.0766533613204956,118,157.29669,"(0.7689810297090034, 0.03870304091571287)"
75,4,0,5,1e-07,19274,0.04886167123913765,0.9887892603874207,0.998720109462738,0.9887892603874207,0.9887892603874207,0.04886167123913765,0.010146120563149452,0.996999979019165,0.9997601509094238,0.996999979019165,0.996999979019165,0.00888506043702364,14118,12610.609,"(0.09047131373134183, 0.0025100699600160126)"
76,4,0,5,1e-06,19274,0.04886167123913765,0.9887892603874207,0.998720109462738,0.9887892603874207,0.9887892603874207,0.04886167123913765,0.020071176812052727,0.9969000220298767,0.9997538328170776,0.9969000220298767,0.9969000220298767,0.009490229189395905,12025,10580.948,"(0.10299023733524307, 0.00224824253962575)"
77,4,0,5,1e-05,19274,0.04886167123913765,0.9887892603874207,0.998720109462738,0.9887892603874207,0.9887892603874207,0.04886167123913765,0.03956010192632675,0.9952999949455261,0.999711811542511,0.9952999949455261,0.9952999949455261,0.013421326875686646,2378,2613.8774,"(0.030791042161271525, 0.005500983510927928)"
78,4,0,5,0.0001,19274,0.04886167123913765,0.9887892603874207,0.998720109462738,0.9887892603874207,0.9887892603874207,0.04886167123913765,0.12744224071502686,0.9918000102043152,0.9996784925460815,0.9918000102043152,0.9918000102043152,0.02402951568365097,814,1034.1272,"(0.5315174103838736, 0.010407465526297953)"
79,4,0,5,0.001,19274,0.04886167123913765,0.9887892603874207,0.998720109462738,0.9887892603874207,0.9887892603874207,0.04886167123913765,0.4650355875492096,0.9257000088691711,0.9782083034515381,0.9257000088691711,0.9257000088691711,0.19498850405216217,172,270.04706,"(0.8635275688498601, 0.11111223297305754)"
80,4,0,6,1e-07,19274,0.033780768513679504,0.9906054139137268,0.9989262223243713,0.991640567779541,0.9906054139137268,0.033780768513679504,0.009763360023498535,0.9973000288009644,0.9997642040252686,0.9973000288009644,0.9973000288009644,0.00836680643260479,16436,13965.541,"(0.033432819376013174, 0.002752496040843656)"
81,4,0,6,1e-06,19274,0.033780768513679504,0.9906054139137268,0.9989262223243713,0.991640567779541,0.9906054139137268,0.033780768513679504,0.018216539174318314,0.9973000288009644,0.9996691942214966,0.9973000288009644,0.9973000288009644,0.008618557825684547,10809,9597.979,"(0.023473176605377538, 0.0026479485294182386)"
82,4,0,6,1e-05,19274,0.033780768513679504,0.9906054139137268,0.9989262223243713,0.991640567779541,0.9906054139137268,0.033780768513679504,0.03422069549560547,0.9972000122070312,0.9994664788246155,0.9972000122070312,0.9972000122070312,0.008976824581623077,2316,2524.3867,"(0.0362705803486031, 0.0025054867592247975)"
83,4,0,6,0.0001,19274,0.033780768513679504,0.9906054139137268,0.9989262223243713,0.991640567779541,0.9906054139137268,0.033780768513679504,0.09322227537631989,0.9921000003814697,0.9995018839836121,0.9921000003814697,0.9921000003814697,0.03194831311702728,431,612.74,"(0.3974691118973258, 0.01363340217072796)"
84,4,0,6,0.001,19274,0.033780768513679504,0.9906054139137268,0.9989262223243713,0.991640567779541,0.9906054139137268,0.033780768513679504,0.1827746480703354,0.9828000068664551,0.9980036020278931,0.9828000068664551,0.9828000068664551,0.06595247983932495,86,116.822174,"(0.7124859795613884, 0.030666844325765504)"
85,4,0,7,1e-07,19274,0.06844301521778107,0.9824903011322021,0.9982121586799622,0.9834469556808472,0.9824903011322021,0.06844301521778107,0.010140106081962585,0.9968000054359436,0.9997605085372925,0.9968000054359436,0.9968000054359436,0.009109011851251125,10965,10310.915,"(0.04710494009190717, 0.0043783530646993515)"
86,4,0,7,1e-06,19274,0.06844301521778107,0.9824903011322021,0.9982121586799622,0.9834469556808472,0.9824903011322021,0.06844301521778107,0.016391657292842865,0.9966999888420105,0.9997621178627014,0.9966999888420105,0.9966999888420105,0.008957299403846264,7666,7434.3574,"(0.04526900673093362, 0.00395870727584053)"
87,4,0,7,1e-05,19274,0.06844301521778107,0.9824903011322021,0.9982121586799622,0.9834469556808472,0.9824903011322021,0.06844301521778107,0.03797801211476326,0.9943000078201294,0.9995667934417725,0.9943000078201294,0.9943000078201294,0.01599537581205368,1997,2198.2634,"(0.020240655009830272, 0.008189926625706822)"
88,4,0,7,0.0001,19274,0.06844301521778107,0.9824903011322021,0.9982121586799622,0.9834469556808472,0.9824903011322021,0.06844301521778107,0.07738925516605377,0.9908000230789185,0.9994375705718994,0.9908000230789185,0.9908000230789185,0.029948867857456207,382,474.40387,"(0.25968696009323106, 0.01489441289650603)"
89,4,0,7,0.001,19274,0.06844301521778107,0.9824903011322021,0.9982121586799622,0.9834469556808472,0.9824903011322021,0.06844301521778107,0.20880651473999023,0.9739999771118164,0.9956539869308472,0.9739999771118164,0.9739999771118164,0.0860171690583229,92,122.78933,"(0.7994597612717393, 0.04292369676410536)"
90,4,0,8,1e-07,19274,0.034145552664995193,0.9887063503265381,0.9988792538642883,0.9887063503265381,0.9887063503265381,0.034145552664995193,0.010244548320770264,0.9970999956130981,0.9996535778045654,0.9970999956130981,0.9970999956130981,0.009003793820738792,13782,12407.529,"(0.2169092902870713, 0.0024360087006972102)"
91,4,0,8,1e-06,19274,0.034145552664995193,0.9887063503265381,0.9988792538642883,0.9887063503265381,0.9887063503265381,0.034145552664995193,0.045470792800188065,0.989300012588501,0.9992470741271973,0.989300012588501,0.989300012588501,0.030821233987808228,16528,14649.552,"(0.17175304163339666, 0.014907960404178355)"
92,4,0,8,1e-05,19274,0.034145552664995193,0.9887063503265381,0.9988792538642883,0.9887063503265381,0.9887063503265381,0.034145552664995193,0.05554328113794327,0.9955999851226807,0.9993943572044373,0.9955999851226807,0.9955999851226807,0.014796832576394081,3898,4074.6445,"(0.05756744866930629, 0.00605383442873422)"
93,4,0,8,0.0001,19274,0.034145552664995193,0.9887063503265381,0.9988792538642883,0.9887063503265381,0.9887063503265381,0.034145552664995193,0.22509953379631042,0.96670001745224,0.9951843023300171,0.96670001745224,0.96670001745224,0.09304645657539368,1039,1320.5306,"(0.4112809117156977, 0.0530890873452475)"
94,4,0,8,0.001,19274,0.034145552664995193,0.9887063503265381,0.9988792538642883,0.9887063503265381,0.9887063503265381,0.034145552664995193,0.2685892879962921,0.9692000150680542,0.9947679042816162,0.9692000150680542,0.9692000150680542,0.11663918197154999,108,151.95015,"(2.18985748380662, 0.04938370277902361)"
95,4,0,9,1e-07,19274,0.03383658453822136,0.9871159791946411,0.999441921710968,0.9900497794151306,0.9861248731613159,0.03383658453822136,0.01057950034737587,0.9966999888420105,0.999656617641449,0.9966999888420105,0.9966999888420105,0.009381805546581745,13114,11976.946,"(0.1697886060778685, 0.002124686301310332)"
96,4,0,9,1e-06,19274,0.03383658453822136,0.9871159791946411,0.999441921710968,0.9900497794151306,0.9861248731613159,0.03383658453822136,0.020290201529860497,0.9962000250816345,0.9997408390045166,0.9962000250816345,0.9962000250816345,0.010715852491557598,10633,9574.345,"(0.10471791968283123, 0.003743475822965187)"
97,4,0,9,1e-05,19274,0.03383658453822136,0.9871159791946411,0.999441921710968,0.9900497794151306,0.9861248731613159,0.03383658453822136,0.048521410673856735,0.9940999746322632,0.9996752142906189,0.9940999746322632,0.9940999746322632,0.015448905527591705,3083,3307.2515,"(0.047014520864743996, 0.007618067204776902)"
98,4,0,9,0.0001,19274,0.03383658453822136,0.9871159791946411,0.999441921710968,0.9900497794151306,0.9861248731613159,0.03383658453822136,0.20087435841560364,0.9728000164031982,0.9967272877693176,0.9728000164031982,0.9728000164031982,0.07356998324394226,1040,1273.0437,"(0.2729184869197782, 0.04429775631612365)"
99,4,0,9,0.001,19274,0.03383658453822136,0.9871159791946411,0.999441921710968,0.9900497794151306,0.9861248731613159,0.03383658453822136,0.28996965289115906,0.9480999708175659,0.9898607730865479,0.9480999708175659,0.9480999708175659,0.14581574499607086,117,144.15382,"(1.1089630518907019, 0.08061102269366345)"
100,6,0,0,1e-07,298250,0.007119915448129177,0.9979591965675354,0.9999971985816956,0.9979591965675354,0.9979591965675354,0.007119915448129177,0.012756314128637314,0.9983999729156494,0.9996914267539978,0.9983999729156494,0.9983999729156494,0.007086755242198706,66112,56695.57,"(0.007851595903721469, 0.0009086161080605865)"
101,6,0,0,1e-06,298250,0.007119915448129177,0.9979591965675354,0.9999971985816956,0.9979591965675354,0.9979591965675354,0.007119915448129177,0.012174807488918304,0.9987000226974487,0.9995951652526855,0.9987000226974487,0.9987000226974487,0.005552035290747881,5999,6622.7744,"(0.030543475433688464, 2.9076886526929386e-05)"
102,6,0,0,1e-05,298250,0.007119915448129177,0.9979591965675354,0.9999971985816956,0.9979591965675354,0.9979591965675354,0.007119915448129177,0.030620044097304344,0.9965000152587891,0.9999491572380066,0.9965000152587891,0.9965000152587891,0.012593532912433147,1208,1802.6515,"(0.14615044684581574, 0.005385126467816018)"
103,6,0,0,0.0001,298250,0.007119915448129177,0.9979591965675354,0.9999971985816956,0.9979591965675354,0.9979591965675354,0.007119915448129177,0.08012248575687408,0.9926000237464905,0.9995285272598267,0.9926000237464905,0.9926000237464905,0.029315005987882614,319,508.0749,"(0.3866151304798877, 0.012769183211794205)"
104,6,0,0,0.001,298250,0.007119915448129177,0.9979591965675354,0.9999971985816956,0.9979591965675354,0.9979591965675354,0.007119915448129177,0.20584262907505035,0.9818000197410583,0.9987279772758484,0.9818000197410583,0.9818000197410583,0.0533943735063076,112,152.44826,"(1.4133368234024166, 0.01697751849821969)"
105,6,0,1,1e-07,298250,0.0061533087864518166,0.9991189241409302,0.9999977350234985,0.9991181492805481,0.9982379078865051,0.0061533087864518166,0.006280988920480013,0.9988999962806702,0.999697744846344,0.9988999962806702,0.9988999962806702,0.004190916195511818,20718,20900.727,"(0.000990383493186626, 0.0003506009018544505)"
106,6,0,1,1e-06,298250,0.0061533087864518166,0.9991189241409302,0.9999977350234985,0.9991181492805481,0.9982379078865051,0.0061533087864518166,0.01016798336058855,0.9987000226974487,0.9998942017555237,0.9987000226974487,0.9987000226974487,0.004024427849799395,5680,6143.5557,"(0.006816708321181118, 0.0003033077074369051)"
107,6,0,1,1e-05,298250,0.0061533087864518166,0.9991189241409302,0.9999977350234985,0.9991181492805481,0.9982379078865051,0.0061533087864518166,0.028281835839152336,0.9973000288009644,0.9998047351837158,0.9973000288009644,0.9973000288009644,0.01178274117410183,1237,1649.9088,"(0.14024279134204926, 0.003727741975673996)"
108,6,0,1,0.0001,298250,0.0061533087864518166,0.9991189241409302,0.9999977350234985,0.9991181492805481,0.9982379078865051,0.0061533087864518166,0.0999707579612732,0.9907000064849854,0.9988963007926941,0.9907000064849854,0.9907000064849854,0.04307200014591217,382,568.9877,"(0.1706129138351583, 0.024913771057635665)"
109,6,0,1,0.001,298250,0.0061533087864518166,0.9991189241409302,0.9999977350234985,0.9991181492805481,0.9982379078865051,0.0061533087864518166,0.1450744867324829,0.9836999773979187,0.9986194968223572,0.9836999773979187,0.9836999773979187,0.05359810218214989,78,91.476395,"(0.6561823580463787, 0.024923065047683293)"
110,6,0,2,1e-07,298250,0.015275578014552593,0.9951550364494324,0.9999824166297913,0.9961165189743042,0.9941860437393188,0.015275578014552593,0.012360942550003529,0.9983000159263611,0.9995877146720886,0.9983000159263611,0.9983000159263611,0.006901290733367205,66067,54596.51,"(0.036977299968341565, 0.0013864891634815817)"
111,6,0,2,1e-06,298250,0.015275578014552593,0.9951550364494324,0.9999824166297913,0.9961165189743042,0.9941860437393188,0.015275578014552593,0.016018318012356758,0.9983999729156494,0.9997919797897339,0.9983999729156494,0.9983999729156494,0.0048902384005486965,10683,11128.081,"(0.0004933524242820817, 0.000282039996031831)"
112,6,0,2,1e-05,298250,0.015275578014552593,0.9951550364494324,0.9999824166297913,0.9961165189743042,0.9941860437393188,0.015275578014552593,0.060510240495204926,0.9925000071525574,0.999609112739563,0.9925000071525574,0.9925000071525574,0.023034116253256798,2925,3747.612,"(0.08229345405870093, 0.012340034453641485)"
113,6,0,2,0.0001,298250,0.015275578014552593,0.9951550364494324,0.9999824166297913,0.9961165189743042,0.9941860437393188,0.015275578014552593,0.11001332104206085,0.9891999959945679,0.9991995096206665,0.9891999959945679,0.9891999959945679,0.03997784107923508,436,700.3552,"(0.5266571948295393, 0.018616957316801498)"
114,6,0,2,0.001,298250,0.015275578014552593,0.9951550364494324,0.9999824166297913,0.9961165189743042,0.9941860437393188,0.015275578014552593,0.26963570713996887,0.9764999747276306,0.9969345331192017,0.9764999747276306,0.9764999747276306,0.08542999625205994,131,184.20564,"(1.5457232613097744, 0.03672786329143834)"
115,6,0,3,1e-07,298250,0.018091922625899315,0.9930692911148071,0.9999784827232361,0.9950347542762756,0.9920791983604431,0.018091922625899315,0.011706794612109661,0.9984999895095825,0.9994895458221436,0.9984999895095825,0.9984999895095825,0.007097655441612005,49992,46091.38,"(0.046340139837040245, 0.001045467139617344)"
116,6,0,3,1e-06,298250,0.018091922625899315,0.9930692911148071,0.9999784827232361,0.9950347542762756,0.9920791983604431,0.018091922625899315,0.024754546582698822,0.9977999925613403,0.9994902610778809,0.9977999925613403,0.9977999925613403,0.008893135003745556,15946,15861.411,"(0.0008992548150019065, 0.0004974688797679908)"
117,6,0,3,1e-05,298250,0.018091922625899315,0.9930692911148071,0.9999784827232361,0.9950347542762756,0.9920791983604431,0.018091922625899315,0.07151458412408829,0.9889000058174133,0.9993553161621094,0.9889000058174133,0.9889000058174133,0.030402688309550285,3264,4111.1895,"(0.029456800345378217, 0.0173203955842918)"
118,6,0,3,0.0001,298250,0.018091922625899315,0.9930692911148071,0.9999784827232361,0.9950347542762756,0.9920791983604431,0.018091922625899315,0.17294785380363464,0.9674999713897705,0.9954498410224915,0.9674999713897705,0.9674999713897705,0.09159038960933685,505,813.57495,"(0.28863421025623837, 0.0552855431065374)"
119,6,0,3,0.001,298250,0.018091922625899315,0.9930692911148071,0.9999784827232361,0.9950347542762756,0.9920791983604431,0.018091922625899315,0.3141706585884094,0.974399983882904,0.9954052567481995,0.974399983882904,0.974399983882904,0.11772380024194717,138,196.44684,"(1.8317348279254586, 0.05434328787782989)"
120,6,0,4,1e-07,298250,0.012611457146704197,0.9959266781806946,0.9999895691871643,0.9959266781806946,0.9959266781806946,0.012611457146704197,0.010730515234172344,0.9983999729156494,0.9998882412910461,0.9983999729156494,0.9983999729156494,0.004883123096078634,66112,58473.918,"(0.02608520627016688, 0.0033777451428197735)"
121,6,0,4,1e-06,298250,0.012611457146704197,0.9959266781806946,0.9999895691871643,0.9959266781806946,0.9959266781806946,0.012611457146704197,0.019924847409129143,0.9987000226974487,0.9996941089630127,0.9987000226974487,0.9987000226974487,0.005343962460756302,14560,14580.882,"(0.0032508728532480873, 0.0007470880515980463)"
122,6,0,4,1e-05,298250,0.012611457146704197,0.9959266781806946,0.9999895691871643,0.9959266781806946,0.9959266781806946,0.012611457146704197,0.04843250289559364,0.9972000122070312,0.9999065399169922,0.9972000122070312,0.9972000122070312,0.01132387574762106,2958,3710.8628,"(0.08179533248464362, 0.00654281227388526)"
123,6,0,4,0.0001,298250,0.012611457146704197,0.9959266781806946,0.9999895691871643,0.9959266781806946,0.9959266781806946,0.012611457146704197,0.12220656871795654,0.9886000156402588,0.998931884765625,0.9886000156402588,0.9886000156402588,0.05621153488755226,409,659.95026,"(0.35859803831442627, 0.03175000166619184)"
124,6,0,4,0.001,298250,0.012611457146704197,0.9959266781806946,0.9999895691871643,0.9959266781806946,0.9959266781806946,0.012611457146704197,0.265064537525177,0.9760000109672546,0.9975179433822632,0.9760000109672546,0.9760000109672546,0.0903155729174614,130,174.74896,"(0.7778901998329881, 0.046863708975413795)"
125,6,0,5,1e-07,298250,0.03712557628750801,0.9887892603874207,0.998695969581604,0.9887892603874207,0.9887892603874207,0.03712557628750801,0.012792077846825123,0.9977999925613403,0.9996821880340576,0.9977999925613403,0.9977999925613403,0.00703540351241827,66112,57566.72,"(0.04079371204215251, 0.0020258938181605393)"
126,6,0,5,1e-06,298250,0.03712557628750801,0.9887892603874207,0.998695969581604,0.9887892603874207,0.9887892603874207,0.03712557628750801,0.021821269765496254,0.9975000023841858,0.9991863369941711,0.9975000023841858,0.9975000023841858,0.011138065718114376,10189,10683.202,"(0.00020390885306638726, 0.0005465780945843588)"
127,6,0,5,1e-05,298250,0.03712557628750801,0.9887892603874207,0.998695969581604,0.9887892603874207,0.9887892603874207,0.03712557628750801,0.06771217286586761,0.9901999831199646,0.9989402890205383,0.9901999831199646,0.9901999831199646,0.0285628791898489,3123,3914.9302,"(0.06075361954882188, 0.0173702282352025)"
128,6,0,5,0.0001,298250,0.03712557628750801,0.9887892603874207,0.998695969581604,0.9887892603874207,0.9887892603874207,0.03712557628750801,0.14877215027809143,0.9811999797821045,0.9983661770820618,0.9811999797821045,0.9811999797821045,0.06724411249160767,486,815.2805,"(0.49340189756711145, 0.03838692861124124)"
129,6,0,5,0.001,298250,0.03712557628750801,0.9887892603874207,0.998695969581604,0.9887892603874207,0.9887892603874207,0.03712557628750801,0.2937643229961395,0.9718000292778015,0.9965702295303345,0.9718000292778015,0.9718000292778015,0.09538278728723526,145,198.38148,"(1.1476458735273367, 0.051374707975258095)"
130,6,0,6,1e-07,298250,0.03479452431201935,0.9895615577697754,0.9988061189651489,0.9895615577697754,0.9895615577697754,0.03479452431201935,0.012948225252330303,0.9980999827384949,0.9994890689849854,0.9980999827384949,0.9980999827384949,0.007590111345052719,66094,53581.117,"(0.009912727671338925, 0.0020724226661082415)"
131,6,0,6,1e-06,298250,0.03479452431201935,0.9895615577697754,0.9988061189651489,0.9895615577697754,0.9895615577697754,0.03479452431201935,0.02206636406481266,0.9977999925613403,0.9989894032478333,0.9977999925613403,0.9977999925613403,0.014077581465244293,7487,7988.777,"(0.004814385731388846, 0.00021259377877457376)"
132,6,0,6,1e-05,298250,0.03479452431201935,0.9895615577697754,0.9988061189651489,0.9895615577697754,0.9895615577697754,0.03479452431201935,0.04624929279088974,0.9954000115394592,0.9995695352554321,0.9954000115394592,0.9954000115394592,0.014878321439027786,2435,3137.097,"(0.08187758767471881, 0.00531384484787796)"
133,6,0,6,0.0001,298250,0.03479452431201935,0.9895615577697754,0.9988061189651489,0.9895615577697754,0.9895615577697754,0.03479452431201935,0.06418830156326294,0.9947999715805054,0.999880313873291,0.9947999715805054,0.9947999715805054,0.017421388998627663,320,467.66907,"(0.32499844246758286, 0.007016064078337624)"
134,6,0,6,0.001,298250,0.03479452431201935,0.9895615577697754,0.9988061189651489,0.9895615577697754,0.9895615577697754,0.03479452431201935,0.20687808096408844,0.982200026512146,0.9979702234268188,0.982200026512146,0.982200026512146,0.05649236962199211,117,150.38568,"(1.8578581952613606, 0.013765116758761131)"
135,6,0,7,1e-07,298250,0.04604475572705269,0.9824903011322021,0.9993360638618469,0.9834469556808472,0.9824903011322021,0.04604475572705269,0.009829788468778133,0.9980999827384949,0.9998882412910461,0.9980999827384949,0.9980999827384949,0.00550365773960948,46945,43261.31,"(0.03182306939235042, 0.0013130067644800776)"
136,6,0,7,1e-06,298250,0.04604475572705269,0.9824903011322021,0.9993360638618469,0.9834469556808472,0.9824903011322021,0.04604475572705269,0.020822225138545036,0.9983000159263611,0.9996906518936157,0.9983000159263611,0.9983000159263611,0.006299670785665512,14509,14522.558,"(0.004001640761531265, 0.0010586437167215206)"
137,6,0,7,1e-05,298250,0.04604475572705269,0.9824903011322021,0.9993360638618469,0.9834469556808472,0.9824903011322021,0.04604475572705269,0.05088189244270325,0.9958999752998352,0.9998968839645386,0.9958999752998352,0.9958999752998352,0.013306517153978348,2999,3757.5376,"(0.11262827733470646, 0.006944382209838618)"
138,6,0,7,0.0001,298250,0.04604475572705269,0.9824903011322021,0.9993360638618469,0.9834469556808472,0.9824903011322021,0.04604475572705269,0.1092599630355835,0.982699990272522,0.9988018274307251,0.982699990272522,0.982699990272522,0.05181878060102463,387,574.412,"(0.2133214024192128, 0.030619831398896222)"
139,6,0,7,0.001,298250,0.04604475572705269,0.9824903011322021,0.9993360638618469,0.9834469556808472,0.9824903011322021,0.04604475572705269,0.340686559677124,0.9776999950408936,0.9968459606170654,0.9776999950408936,0.9776999950408936,0.13387936353683472,142,206.80717,"(1.2528429198816882, 0.06804814019890466)"
140,6,0,8,1e-07,298250,0.03400605916976929,0.9907597303390503,0.9993740916252136,0.9917780160903931,0.9907597303390503,0.03400605916976929,0.013922557234764099,0.996999979019165,0.9997707009315491,0.996999979019165,0.996999979019165,0.00824316032230854,66112,56793.97,"(0.029963494038616482, 0.0039576623239242735)"
141,6,0,8,1e-06,298250,0.03400605916976929,0.9907597303390503,0.9993740916252136,0.9917780160903931,0.9907597303390503,0.03400605916976929,0.02061470039188862,0.9972000122070312,0.9996820688247681,0.9972000122070312,0.9972000122070312,0.008593941107392311,11637,12020.761,"(7.318416451783814e-05, 0.0011162771511170125)"
142,6,0,8,1e-05,298250,0.03400605916976929,0.9907597303390503,0.9993740916252136,0.9917780160903931,0.9907597303390503,0.03400605916976929,0.06203489378094673,0.9926000237464905,0.9995700120925903,0.9926000237464905,0.9926000237464905,0.02499491535127163,2947,3703.9968,"(0.0513952057996462, 0.01565789995703086)"
143,6,0,8,0.0001,298250,0.03400605916976929,0.9907597303390503,0.9993740916252136,0.9917780160903931,0.9907597303390503,0.03400605916976929,0.13257887959480286,0.9886000156402588,0.9992754459381104,0.9886000156402588,0.9886000156402588,0.04454483091831207,589,880.34076,"(0.5572648705264235, 0.020920615683509128)"
144,6,0,8,0.001,298250,0.03400605916976929,0.9907597303390503,0.9993740916252136,0.9917780160903931,0.9907597303390503,0.03400605916976929,0.3279139995574951,0.97079998254776,0.9953744411468506,0.97079998254776,0.97079998254776,0.1269184798002243,141,200.99551,"(2.2386083479030296, 0.052049912356958716)"
145,6,0,9,1e-07,298250,0.026018468663096428,0.9910802841186523,0.9994174838066101,0.9930417537689209,0.9900891780853271,0.026018468663096428,0.01051403395831585,0.9976000189781189,0.9995883107185364,0.9976000189781189,0.9976000189781189,0.007024470716714859,37440,34895.617,"(0.009931482100390571, 0.0008709774128631606)"
146,6,0,9,1e-06,298250,0.026018468663096428,0.9910802841186523,0.9994174838066101,0.9930417537689209,0.9900891780853271,0.026018468663096428,0.021536754444241524,0.9975000023841858,0.9994824528694153,0.9975000023841858,0.9975000023841858,0.008997979573905468,12137,12538.773,"(0.0012677558098952097, 0.0008018837530733894)"
147,6,0,9,1e-05,298250,0.026018468663096428,0.9910802841186523,0.9994174838066101,0.9930417537689209,0.9900891780853271,0.026018468663096428,0.055940985679626465,0.9937000274658203,0.9998133182525635,0.9937000274658203,0.9937000274658203,0.01827305741608143,3030,3766.792,"(0.12454784846762727, 0.008471433060669558)"
148,6,0,9,0.0001,298250,0.026018468663096428,0.9910802841186523,0.9994174838066101,0.9930417537689209,0.9900891780853271,0.026018468663096428,0.14863203465938568,0.9822999835014343,0.9983344674110413,0.9822999835014343,0.9822999835014343,0.059140440076589584,612,894.91583,"(0.4301616941746353, 0.033123804202664406)"
149,6,0,9,0.001,298250,0.026018468663096428,0.9910802841186523,0.9994174838066101,0.9930417537689209,0.9900891780853271,0.026018468663096428,0.3971485495567322,0.9492999911308289,0.9886872172355652,0.9492999911308289,0.9492999911308289,0.17811240255832672,154,219.03609,"(1.7812595605489527, 0.0877061158562564)"
150,8,0,0,1e-07,4731914,0.007586193270981312,0.9979591965675354,0.9999988079071045,0.9979591965675354,0.9979591965675354,0.007586193270981312,0.018306270241737366,0.9988999962806702,0.9993985891342163,0.9988999962806702,0.9988999962806702,0.009509390220046043,59048,87968.82,"(5.80194478717897e-05, 0.00021156744766013698)"
151,8,0,0,1e-06,4731914,0.007586193270981312,0.9979591965675354,0.9999988079071045,0.9979591965675354,0.9979591965675354,0.007586193270981312,0.02040936052799225,0.9973999857902527,0.9992702603340149,0.9973999857902527,0.9973999857902527,0.010760005563497543,6848,9649.357,"(0.25850051654546463, 0.0002852458366324231)"
152,8,0,0,1e-05,4731914,0.007586193270981312,0.9979591965675354,0.9999988079071045,0.9979591965675354,0.9979591965675354,0.007586193270981312,0.3175114393234253,0.9178000092506409,0.9745255708694458,0.9178000092506409,0.9178000092506409,0.21248237788677216,3221,10502.9,"(9.204043179534084, 0.0213705169834267)"
153,8,0,0,0.0001,4731914,0.007586193270981312,0.9979591965675354,0.9999988079071045,0.9979591965675354,0.9979591965675354,0.007586193270981312,0.1035211905837059,0.9851999878883362,0.9990682005882263,0.9851999878883362,0.9851999878883362,0.04151616245508194,417,620.0502,"(1.9308159867794998, 0.003627181784896621)"
154,8,0,0,0.001,4731914,0.007586193270981312,0.9979591965675354,0.9999988079071045,0.9979591965675354,0.9979591965675354,0.007586193270981312,0.2689668834209442,0.9793000221252441,0.9979507923126221,0.9793000221252441,0.9793000221252441,0.06855206191539764,160,200.41486,"(1.4857510326481462, 0.024900473579181574)"
155,8,0,1,1e-07,4731914,0.002269892953336239,0.9991189241409302,0.9999997019767761,1.0,0.9991189241409302,0.002269892953336239,0.01480936910957098,0.9984999895095825,0.9993970990180969,0.9984999895095825,0.9984999895095825,0.008403027430176735,47763,64063.37,"(0.00017223235797511374, 0.0006670380883312502)"
156,8,0,1,1e-06,4731914,0.002269892953336239,0.9991189241409302,0.9999997019767761,1.0,0.9991189241409302,0.002269892953336239,0.01383232418447733,0.9976000189781189,0.9997677206993103,0.9976000189781189,0.9976000189781189,0.008687538094818592,3962,5144.79,"(0.006255317965339515, 0.0014376291989303116)"
157,8,0,1,1e-05,4731914,0.002269892953336239,0.9991189241409302,0.9999997019767761,1.0,0.9991189241409302,0.002269892953336239,0.07706080377101898,0.9916999936103821,0.99920254945755,0.9916999936103821,0.9916999936103821,0.04740361496806145,1681,2965.7185,"(0.31933017147998366, 0.02554493349713798)"
158,8,0,1,0.0001,4731914,0.002269892953336239,0.9991189241409302,0.9999997019767761,1.0,0.9991189241409302,0.002269892953336239,0.08590337634086609,0.9939000010490417,0.9997216463088989,0.9939000010490417,0.9939000010490417,0.028735660016536713,396,571.6772,"(0.3628502261458289, 0.012897313426799674)"
159,8,0,1,0.001,4731914,0.002269892953336239,0.9991189241409302,0.9999997019767761,1.0,0.9991189241409302,0.002269892953336239,0.23324871063232422,0.9775999784469604,0.9969501495361328,0.9775999784469604,0.9775999784469604,0.07840226590633392,126,154.84642,"(0.9655913996151879, 0.03671560445860229)"
160,8,0,2,1e-07,4731914,0.01542807836085558,0.9941860437393188,0.9999884963035583,0.9951456189155579,0.9932170510292053,0.01542807836085558,0.01656327396631241,0.9984999895095825,0.9994971752166748,0.9984999895095825,0.9984999895095825,0.00857876893132925,61474,79844.98,"(1.4935084521908348e-06, 0.00028264104005350937)"
161,8,0,2,1e-06,4731914,0.01542807836085558,0.9941860437393188,0.9999884963035583,0.9951456189155579,0.9932170510292053,0.01542807836085558,0.01771140843629837,0.9970999956130981,0.9996539354324341,0.9970999956130981,0.9970999956130981,0.009991010650992393,5714,7720.398,"(0.07930714430705778, 0.0014755854657534239)"
162,8,0,2,1e-05,4731914,0.01542807836085558,0.9941860437393188,0.9999884963035583,0.9951456189155579,0.9932170510292053,0.01542807836085558,0.24551786482334137,0.9394999742507935,0.9831133484840393,0.9394999742507935,0.9394999742507935,0.17332853376865387,3257,7218.934,"(4.653055202084606, 0.05418488713841837)"
163,8,0,2,0.0001,4731914,0.01542807836085558,0.9941860437393188,0.9999884963035583,0.9951456189155579,0.9932170510292053,0.01542807836085558,0.13806289434432983,0.9836999773979187,0.9988398551940918,0.9836999773979187,0.9836999773979187,0.04787098616361618,577,901.919,"(1.6468484236034382, 0.00944628482708275)"
164,8,0,2,0.001,4731914,0.01542807836085558,0.9941860437393188,0.9999884963035583,0.9951456189155579,0.9932170510292053,0.01542807836085558,0.36353543400764465,0.9584000110626221,0.994022011756897,0.9584000110626221,0.9584000110626221,0.1154855489730835,187,248.04987,"(4.2118349704377485, 0.021682546143263388)"
165,8,0,3,1e-07,4731914,0.021147413179278374,0.996039628982544,0.9994238615036011,0.996039628982544,0.996039628982544,0.021147413179278374,0.020876916125416756,0.9987999796867371,0.9993970990180969,0.9987999796867371,0.9987999796867371,0.009280228987336159,93216,115966.91,"(0.00011450958701125248, 0.0005522096142095084)"
166,8,0,3,1e-06,4731914,0.021147413179278374,0.996039628982544,0.9994238615036011,0.996039628982544,0.996039628982544,0.021147413179278374,0.021347958594560623,0.9962999820709229,0.9995418787002563,0.9962999820709229,0.9962999820709229,0.012368110939860344,6925,8979.843,"(0.01744415639586597, 0.0018494167778177026)"
167,8,0,3,1e-05,4731914,0.021147413179278374,0.996039628982544,0.9994238615036011,0.996039628982544,0.996039628982544,0.021147413179278374,0.16032926738262177,0.9728000164031982,0.9965483546257019,0.9728000164031982,0.9728000164031982,0.09110432118177414,3555,6922.4917,"(1.8987406177050992, 0.03344832829585147)"
168,8,0,3,0.0001,4731914,0.021147413179278374,0.996039628982544,0.9994238615036011,0.996039628982544,0.996039628982544,0.021147413179278374,0.12532830238342285,0.9883999824523926,0.9993225336074829,0.9883999824523926,0.9883999824523926,0.0368497371673584,593,884.7859,"(1.3885362815981372, 0.006933744198257704)"
169,8,0,3,0.001,4731914,0.021147413179278374,0.996039628982544,0.9994238615036011,0.996039628982544,0.996039628982544,0.021147413179278374,0.349457323551178,0.9642999768257141,0.9908356070518494,0.9642999768257141,0.9642999768257141,0.1469789743423462,155,202.47836,"(2.26591247229762, 0.06438184187020082)"
170,8,0,4,1e-07,4731914,0.016089051961898804,0.9938900470733643,0.9994243383407593,0.9938837885856628,0.9928717017173767,0.016089051961898804,0.02028874307870865,0.9983999729156494,0.9994957447052002,0.9983999729156494,0.9983999729156494,0.013728448189795017,53701,65602.94,"(4.184316259907917e-05, 0.0005142529476281977)"
171,8,0,4,1e-06,4731914,0.016089051961898804,0.9938900470733643,0.9994243383407593,0.9938837885856628,0.9928717017173767,0.016089051961898804,0.01853478141129017,0.9973999857902527,0.99957275390625,0.9973999857902527,0.9973999857902527,0.009757294319570065,7042,8777.486,"(0.016169349297253655, 0.0008652160917699212)"
172,8,0,4,1e-05,4731914,0.016089051961898804,0.9938900470733643,0.9994243383407593,0.9938837885856628,0.9928717017173767,0.016089051961898804,0.1844116598367691,0.958899974822998,0.9929616451263428,0.958899974822998,0.958899974822998,0.1031520888209343,3990,8125.957,"(0.593099336291943, 0.05532504712871886)"
173,8,0,4,0.0001,4731914,0.016089051961898804,0.9938900470733643,0.9994243383407593,0.9938837885856628,0.9928717017173767,0.016089051961898804,0.1172822043299675,0.9908000230789185,0.9991268515586853,0.9908000230789185,0.9908000230789185,0.04862768575549126,440,686.54517,"(0.4926180031478344, 0.022941490917228)"
174,8,0,4,0.001,4731914,0.016089051961898804,0.9938900470733643,0.9994243383407593,0.9938837885856628,0.9928717017173767,0.016089051961898804,0.3197532892227173,0.9718000292778015,0.9953718185424805,0.9718000292778015,0.9718000292778015,0.09829530119895935,160,221.458,"(2.3243655104704075, 0.03480803591668234)"
175,8,0,5,1e-07,4731914,0.013073865324258804,0.9955157041549683,0.999991238117218,0.9955157041549683,0.9955157041549683,0.013073865324258804,0.022056791931390762,0.9984999895095825,0.9989968538284302,0.9984999895095825,0.9984999895095825,0.01160788256675005,85686,104489.03,"(0.0003301691656324581, 0.0003346641353604714)"
176,8,0,5,1e-06,4731914,0.013073865324258804,0.9955157041549683,0.999991238117218,0.9955157041549683,0.9955157041549683,0.013073865324258804,0.020777445286512375,0.9968000054359436,0.9994643330574036,0.9968000054359436,0.9968000054359436,0.012659302912652493,6401,8118.1426,"(0.03589295555889507, 0.0008217792953721098)"
177,8,0,5,1e-05,4731914,0.013073865324258804,0.9955157041549683,0.999991238117218,0.9955157041549683,0.9955157041549683,0.013073865324258804,0.08400970697402954,0.9850999712944031,0.9987903833389282,0.9850999712944031,0.9850999712944031,0.04771054536104202,2150,3629.9182,"(2.1498019878680887, 0.00919822867815788)"
178,8,0,5,0.0001,4731914,0.013073865324258804,0.9955157041549683,0.999991238117218,0.9955157041549683,0.9955157041549683,0.013073865324258804,0.11339588463306427,0.9886000156402588,0.9994178414344788,0.9886000156402588,0.9886000156402588,0.0394410640001297,512,739.5481,"(1.2194093545629756, 0.01231282568584665)"
179,8,0,5,0.001,4731914,0.013073865324258804,0.9955157041549683,0.999991238117218,0.9955157041549683,0.9955157041549683,0.013073865324258804,0.3150593638420105,0.9708999991416931,0.9939981698989868,0.9708999991416931,0.9708999991416931,0.11167806386947632,157,203.38126,"(1.9693036533286046, 0.05040110346837584)"
180,8,0,6,1e-07,4731914,0.04513617232441902,0.9895615577697754,0.998848557472229,0.991631805896759,0.9895615577697754,0.04513617232441902,0.023497220128774643,0.9988999962806702,0.9992987513542175,0.9988999962806702,0.9988999962806702,0.011771056801080704,94906,117261.664,"(0.003164279393929813, 0.0007824914557197)"
181,8,0,6,1e-06,4731914,0.04513617232441902,0.9895615577697754,0.998848557472229,0.991631805896759,0.9895615577697754,0.04513617232441902,0.020544039085507393,0.9976000189781189,0.99887615442276,0.9976000189781189,0.9976000189781189,0.014403930865228176,4755,6140.11,"(0.011320136979740993, 0.0005735452185469965)"
182,8,0,6,1e-05,4731914,0.04513617232441902,0.9895615577697754,0.998848557472229,0.991631805896759,0.9895615577697754,0.04513617232441902,0.09337867051362991,0.9836000204086304,0.9986429214477539,0.9836000204086304,0.9836000204086304,0.043377168476581573,2656,5000.1523,"(1.1904027795179264, 0.008692751583106631)"
183,8,0,6,0.0001,4731914,0.04513617232441902,0.9895615577697754,0.998848557472229,0.991631805896759,0.9895615577697754,0.04513617232441902,0.10296064615249634,0.9847999811172485,0.9988319873809814,0.9847999811172485,0.9847999811172485,0.041964735835790634,414,609.9591,"(1.5518929898718719, 0.002700504487133305)"
184,8,0,6,0.001,4731914,0.04513617232441902,0.9895615577697754,0.998848557472229,0.991631805896759,0.9895615577697754,0.04513617232441902,0.2971351444721222,0.9699000120162964,0.9960235357284546,0.9699000120162964,0.9699000120162964,0.09279843419790268,159,204.33672,"(2.3413898977890093, 0.02539310290093015)"
185,8,0,7,1e-07,4731914,0.022958897054195404,0.9922178983688354,0.9999663829803467,0.992210328578949,0.9912451505661011,0.022958897054195404,0.01579442247748375,0.9990000128746033,0.9994973540306091,0.9990000128746033,0.9990000128746033,0.008980682119727135,56562,68137.35,"(4.496264384276436e-05, 0.0004455880339517309)"
186,8,0,7,1e-06,4731914,0.022958897054195404,0.9922178983688354,0.9999663829803467,0.992210328578949,0.9912451505661011,0.022958897054195404,0.01818331517279148,0.9969000220298767,0.9994601607322693,0.9969000220298767,0.9969000220298767,0.011191834695637226,5398,6991.4814,"(0.05037303945586288, 0.0006181679586662828)"
187,8,0,7,1e-05,4731914,0.022958897054195404,0.9922178983688354,0.9999663829803467,0.992210328578949,0.9912451505661011,0.022958897054195404,0.15900667011737823,0.9794999957084656,0.9971395134925842,0.9794999957084656,0.9794999957084656,0.08724528551101685,3501,7176.142,"(1.0389038922781004, 0.04159970495149991)"
188,8,0,7,0.0001,4731914,0.022958897054195404,0.9922178983688354,0.9999663829803467,0.992210328578949,0.9912451505661011,0.022958897054195404,0.11928856372833252,0.9871000051498413,0.9991718530654907,0.9871000051498413,0.9871000051498413,0.047482930123806,452,718.0564,"(1.0680585552574822, 0.0144350135771188)"
189,8,0,7,0.001,4731914,0.022958897054195404,0.9922178983688354,0.9999663829803467,0.992210328578949,0.9912451505661011,0.022958897054195404,0.3226136565208435,0.9682000279426575,0.9920796751976013,0.9682000279426575,0.9682000279426575,0.11719854921102524,160,205.4151,"(2.1134051720999, 0.04663079563846164)"
190,8,0,8,1e-07,4731914,0.02627083659172058,0.9907597303390503,0.9994545578956604,0.9938080310821533,0.9887063503265381,0.02627083659172058,0.012196110561490059,0.9991000294685364,0.999598503112793,0.9991000294685364,0.9991000294685364,0.005919915158301592,49882,62761.965,"(0.004542215071953458, 0.00040851403584340866)"
191,8,0,8,1e-06,4731914,0.02627083659172058,0.9907597303390503,0.9994545578956604,0.9938080310821533,0.9887063503265381,0.02627083659172058,0.016123799607157707,0.9976999759674072,0.9996846318244934,0.9976999759674072,0.9976999759674072,0.007176252547651529,7200,8947.552,"(0.014335470672978884, 0.0003966656073469141)"
192,8,0,8,1e-05,4731914,0.02627083659172058,0.9907597303390503,0.9994545578956604,0.9938080310821533,0.9887063503265381,0.02627083659172058,0.1445016860961914,0.9782999753952026,0.997412919998169,0.9782999753952026,0.9782999753952026,0.08587205410003662,3357,5862.9634,"(0.44439361709098574, 0.049416296059265154)"
193,8,0,8,0.0001,4731914,0.02627083659172058,0.9907597303390503,0.9994545578956604,0.9938080310821533,0.9887063503265381,0.02627083659172058,0.14200957119464874,0.9886000156402588,0.9994118809700012,0.9886000156402588,0.9886000156402588,0.03989278897643089,668,1021.16785,"(1.0380997726640586, 0.01398478958947469)"
194,8,0,8,0.001,4731914,0.02627083659172058,0.9907597303390503,0.9994545578956604,0.9938080310821533,0.9887063503265381,0.02627083659172058,0.3708987236022949,0.9650999903678894,0.9934943914413452,0.9650999903678894,0.9650999903678894,0.1402997374534607,167,230.59897,"(3.180784805068357, 0.05172021085331981)"
195,8,0,9,1e-07,4731914,0.038696128875017166,0.9900891780853271,0.9988464117050171,0.9900891780853271,0.9900891780853271,0.038696128875017166,0.031908631324768066,0.9977999925613403,0.9995707869529724,0.9977999925613403,0.9977999925613403,0.008126025088131428,264448,237826.02,"(0.014174510022710805, 0.0015562351373523983)"
196,8,0,9,1e-06,4731914,0.038696128875017166,0.9900891780853271,0.9988464117050171,0.9900891780853271,0.9900891780853271,0.038696128875017166,0.02975340001285076,0.9966999888420105,0.9989634156227112,0.9966999888420105,0.9966999888420105,0.01794229820370674,10114,11811.096,"(0.0194489894377512, 0.0007399861070353771)"
